仕業番号,仕業開始駅,仕業終了駅,便名,始発駅,終着駅,発時刻,着時刻,trip_id
1仕業,鏡川橋,桟橋車庫前,いの（朝倉 経由）,鏡川橋,伊野,05:51:00,06:13:00,土日祝_05時51分_系統11150
1仕業,鏡川橋,桟橋車庫前,文珠通（はりまや橋 経由）,伊野,文珠通,06:18:00,07:15:00,土日祝_06時18分_系統15060
1仕業,鏡川橋,桟橋車庫前,いの（はりまや橋・鏡川橋・朝倉 経由）,文珠通,伊野,07:20:00,08:24:00,土日祝_07時20分_系統6150
1仕業,鏡川橋,桟橋車庫前,桟橋車庫（はりまや橋 経由）,伊野,桟橋車庫前,08:29:00,09:28:30,土日祝_08時29分_系統15170
,,,,,,,,
2仕業,桟橋通四丁目,後免町,知寄町（はりまや橋 経由）,桟橋通四丁目,知寄町,05:54:30,06:18:00,土日祝_05時54分_系統17070
2仕業,桟橋通四丁目,後免町,朝倉（はりまや橋・鏡川橋 経由）,知寄町,朝倉,06:24:00,06:58:00,土日祝_06時24分_系統7130
2仕業,桟橋通四丁目,後免町,文珠通（はりまや橋 経由）,朝倉,文珠通,07:05:00,07:45:00,土日祝_07時05分_系統13060
2仕業,桟橋通四丁目,後免町,鏡川橋（はりまや橋 経由）,文珠通,鏡川橋,07:45:00,08:19:00,土日祝_07時45分_系統6110
2仕業,桟橋通四丁目,後免町,文珠通（はりまや橋 経由）,鏡川橋,文珠通,08:19:00,08:52:30,土日祝_08時19分_系統11060
2仕業,桟橋通四丁目,後免町,鏡川橋（はりまや橋 経由）,文珠通,鏡川橋,08:57:30,09:31:30,土日祝_08時57分_系統6110
2仕業,桟橋通四丁目,後免町,ごめん（はりまや橋・文珠通・領石通 経由）,鏡川橋,後免町,09:34:00,10:29:30,土日祝_09時34分_系統11011
2仕業,桟橋通四丁目,後免町,鏡川橋（はりまや橋 経由）,後免町,鏡川橋,10:36:00,11:31:30,土日祝_10時36分_系統1110
2仕業,桟橋通四丁目,後免町,文珠通（はりまや橋 経由）,鏡川橋,文珠通,11:31:30,12:05:00,土日祝_11時31分_系統11060
2仕業,桟橋通四丁目,後免町,鏡川橋（はりまや橋 経由）,文珠通,鏡川橋,12:10:00,12:44:00,土日祝_12時10分_系統6110
2仕業,桟橋通四丁目,後免町,ごめん（はりまや橋・文珠通・領石通 経由）,鏡川橋,後免町,12:56:30,13:52:00,土日祝_12時56分_系統11011
2仕業,桟橋通四丁目,後免町,鏡川橋（はりまや橋 経由）,後免町,鏡川橋,14:07:30,15:04:00,土日祝_14時07分_系統1110
2仕業,桟橋通四丁目,後免町,文珠通（はりまや橋 経由）,鏡川橋,文珠通,15:04:00,15:37:30,土日祝_15時04分_系統11060
2仕業,桟橋通四丁目,後免町,鏡川橋（はりまや橋 経由）,文珠通,鏡川橋,15:40:00,16:14:00,土日祝_15時40分_系統6110
2仕業,桟橋通四丁目,後免町,ごめん（はりまや橋・文珠通・領石通 経由）,鏡川橋,後免町,16:26:30,17:22:00,土日祝_16時26分_系統11011
2仕業,桟橋通四丁目,後免町,鏡川橋（はりまや橋 経由）,後免町,鏡川橋,17:32:00,18:29:00,土日祝_17時32分_系統1110
2仕業,桟橋通四丁目,後免町,ごめん（はりまや橋・文珠通・領石通 経由）,鏡川橋,後免町,18:34:00,19:30:00,土日祝_18時34分_系統11011
2仕業,桟橋通四丁目,後免町,鏡川橋（はりまや橋 経由）,後免町,鏡川橋,19:50:30,20:46:30,土日祝_19時50分_系統1110
2仕業,桟橋通四丁目,後免町,ごめん（はりまや橋・文珠通・領石通 経由）,鏡川橋,後免町,20:56:30,21:51:00,土日祝_20時56分_系統11011
,,,,,,,,
3仕業,桟橋通四丁目,桟橋車庫前,いの（はりまや橋・鏡川橋・朝倉 経由）,桟橋通四丁目,伊野,05:58:30,06:54:00,土日祝_05時58分_系統17151
3仕業,桟橋通四丁目,桟橋車庫前,文珠通（はりまや橋 経由）,伊野,文珠通,07:00:00,08:00:00,土日祝_07時00分_系統15060
3仕業,桟橋通四丁目,桟橋車庫前,いの（はりまや橋・鏡川橋・朝倉 経由）,文珠通,伊野,08:05:00,09:08:00,土日祝_08時05分_系統6150
3仕業,桟橋通四丁目,桟橋車庫前,文珠通（はりまや橋 経由）,伊野,文珠通,09:13:00,10:12:30,土日祝_09時13分_系統15060
3仕業,桟橋通四丁目,桟橋車庫前,いの（はりまや橋・鏡川橋・朝倉 経由）,文珠通,伊野,10:12:30,11:14:00,土日祝_10時12分_系統6150
3仕業,桟橋通四丁目,桟橋車庫前,文珠通（はりまや橋 経由）,伊野,文珠通,11:19:00,12:17:30,土日祝_11時19分_系統15060
3仕業,桟橋通四丁目,桟橋車庫前,いの（はりまや橋・鏡川橋・朝倉 経由）,文珠通,伊野,12:17:30,13:20:00,土日祝_12時17分_系統6150
3仕業,桟橋通四丁目,桟橋車庫前,文珠通（はりまや橋 経由）,伊野,文珠通,13:25:00,14:25:00,土日祝_13時25分_系統15060
3仕業,桟橋通四丁目,桟橋車庫前,鏡川橋（はりまや橋 経由）,文珠通,鏡川橋,14:37:30,15:11:30,土日祝_14時37分_系統6110
3仕業,桟橋通四丁目,桟橋車庫前,文珠通（はりまや橋 経由）,鏡川橋,文珠通,15:21:30,15:55:00,土日祝_15時21分_系統11060
3仕業,桟橋通四丁目,桟橋車庫前,鏡川橋（はりまや橋 経由）,文珠通,鏡川橋,16:00:00,16:34:00,土日祝_16時00分_系統6110
3仕業,桟橋通四丁目,桟橋車庫前,ごめん（はりまや橋・文珠通・領石通 経由）,鏡川橋,後免町,16:46:30,17:42:00,土日祝_16時46分_系統11011
3仕業,桟橋通四丁目,桟橋車庫前,鏡川橋（はりまや橋 経由）,後免町,鏡川橋,17:47:30,18:44:00,土日祝_17時47分_系統1110
3仕業,桟橋通四丁目,桟橋車庫前,文珠通（はりまや橋 経由）,鏡川橋,文珠通,18:46:30,19:20:00,土日祝_18時46分_系統11060
3仕業,桟橋通四丁目,桟橋車庫前,いの（はりまや橋・鏡川橋・朝倉 経由）,文珠通,伊野,19:30:00,20:32:00,土日祝_19時30分_系統6150
3仕業,桟橋通四丁目,桟橋車庫前,知寄町（はりまや橋 経由）,伊野,知寄町,20:37:00,21:27:00,土日祝_20時37分_系統15070
3仕業,桟橋通四丁目,桟橋車庫前,桟橋車庫（はりまや橋 経由）,知寄町,桟橋車庫前,21:35:30,21:51:30,土日祝_21時35分_系統7170
,,,,,,,,
4仕業,後免町,桟橋車庫前,鏡川橋（はりまや橋 経由）,後免町,鏡川橋,06:00:00,06:56:30,土日祝_06時00分_系統1110
4仕業,後免町,桟橋車庫前,文珠通（はりまや橋 経由）,鏡川橋,文珠通,07:04:00,07:37:30,土日祝_07時04分_系統11060
4仕業,後免町,桟橋車庫前,鏡川橋（はりまや橋 経由）,文珠通,鏡川橋,07:55:00,08:29:00,土日祝_07時55分_系統6110
4仕業,後免町,桟橋車庫前,文珠通（はりまや橋 経由）,鏡川橋,文珠通,08:31:30,09:05:00,土日祝_08時31分_系統11060
4仕業,後免町,桟橋車庫前,鏡川橋（はりまや橋 経由）,文珠通,鏡川橋,09:12:30,09:46:30,土日祝_09時12分_系統6110
4仕業,後免町,桟橋車庫前,文珠通（はりまや橋 経由）,鏡川橋,文珠通,09:46:30,10:20:00,土日祝_09時46分_系統11060
4仕業,後免町,桟橋車庫前,鏡川橋（はりまや橋 経由）,文珠通,鏡川橋,10:25:00,10:58:30,土日祝_10時25分_系統6110
4仕業,後免町,桟橋車庫前,ごめん（はりまや橋・文珠通・領石通 経由）,鏡川橋,後免町,10:59:00,11:54:30,土日祝_10時59分_系統11011
4仕業,後免町,桟橋車庫前,鏡川橋（はりまや橋 経由）,後免町,鏡川橋,12:02:30,12:59:00,土日祝_12時02分_系統1110
4仕業,後免町,桟橋車庫前,文珠通（はりまや橋 経由）,鏡川橋,文珠通,13:04:00,13:37:30,土日祝_13時04分_系統11060
4仕業,後免町,桟橋車庫前,いの（はりまや橋・鏡川橋・朝倉 経由）,文珠通,伊野,13:42:30,14:44:00,土日祝_13時42分_系統6150
4仕業,後免町,桟橋車庫前,桟橋車庫（はりまや橋 経由）,伊野,桟橋車庫前,14:49:00,15:46:30,土日祝_14時49分_系統15170
,,,,,,,,
5仕業,桟橋通四丁目,桟橋車庫前,高知駅（はりまや橋 経由）,桟橋通四丁目,高知駅前,06:05:30,06:20:00,土日祝_06時05分_系統17160
5仕業,桟橋通四丁目,桟橋車庫前,桟橋通五丁目（はりまや橋 経由）,高知駅前,桟橋通五丁目,06:26:00,06:43:00,土日祝_06時26分_系統16180
5仕業,桟橋通四丁目,桟橋車庫前,高知駅（はりまや橋 経由）,桟橋通五丁目,高知駅前,06:46:30,07:06:00,土日祝_06時46分_系統18160
5仕業,桟橋通四丁目,桟橋車庫前,桟橋通五丁目（はりまや橋 経由）,高知駅前,桟橋通五丁目,07:11:30,07:29:00,土日祝_07時11分_系統16180
5仕業,桟橋通四丁目,桟橋車庫前,高知駅（はりまや橋 経由）,桟橋通五丁目,高知駅前,07:31:30,07:51:00,土日祝_07時31分_系統18160
5仕業,桟橋通四丁目,桟橋車庫前,桟橋通五丁目（はりまや橋 経由）,高知駅前,桟橋通五丁目,07:56:00,08:14:00,土日祝_07時56分_系統16180
5仕業,桟橋通四丁目,桟橋車庫前,高知駅（はりまや橋 経由）,桟橋通五丁目,高知駅前,08:16:30,08:36:00,土日祝_08時16分_系統18160
5仕業,桟橋通四丁目,桟橋車庫前,桟橋通五丁目（はりまや橋 経由）,高知駅前,桟橋通五丁目,08:41:30,08:59:00,土日祝_08時41分_系統16180
5仕業,桟橋通四丁目,桟橋車庫前,高知駅（はりまや橋 経由）,桟橋通五丁目,高知駅前,09:04:00,09:23:30,土日祝_09時04分_系統18160
5仕業,桟橋通四丁目,桟橋車庫前,桟橋通五丁目（はりまや橋 経由）,高知駅前,桟橋通五丁目,09:28:30,09:46:00,土日祝_09時28分_系統16180
5仕業,桟橋通四丁目,桟橋車庫前,高知駅（はりまや橋 経由）,桟橋通五丁目,高知駅前,09:49:00,10:08:30,土日祝_09時49分_系統18160
5仕業,桟橋通四丁目,桟橋車庫前,桟橋通五丁目（はりまや橋 経由）,高知駅前,桟橋通五丁目,10:13:30,10:31:00,土日祝_10時13分_系統16180
5仕業,桟橋通四丁目,桟橋車庫前,高知駅（はりまや橋 経由）,桟橋通五丁目,高知駅前,10:34:00,10:53:30,土日祝_10時34分_系統18160
5仕業,桟橋通四丁目,桟橋車庫前,桟橋通五丁目（はりまや橋 経由）,高知駅前,桟橋通五丁目,10:58:30,11:16:00,土日祝_10時58分_系統16180
5仕業,桟橋通四丁目,桟橋車庫前,高知駅（はりまや橋 経由）,桟橋通五丁目,高知駅前,11:19:00,11:38:30,土日祝_11時19分_系統18160
5仕業,桟橋通四丁目,桟橋車庫前,桟橋通五丁目（はりまや橋 経由）,高知駅前,桟橋通五丁目,11:43:30,12:01:00,土日祝_11時43分_系統16180
5仕業,桟橋通四丁目,桟橋車庫前,高知駅（はりまや橋 経由）,桟橋通五丁目,高知駅前,12:04:00,12:23:30,土日祝_12時04分_系統18160
5仕業,桟橋通四丁目,桟橋車庫前,桟橋通五丁目（はりまや橋 経由）,高知駅前,桟橋通五丁目,12:28:30,12:46:00,土日祝_12時28分_系統16180
5仕業,桟橋通四丁目,桟橋車庫前,高知駅（はりまや橋 経由）,桟橋通五丁目,高知駅前,12:49:00,13:08:30,土日祝_12時49分_系統18160
5仕業,桟橋通四丁目,桟橋車庫前,桟橋通五丁目（はりまや橋 経由）,高知駅前,桟橋通五丁目,13:13:30,13:31:00,土日祝_13時13分_系統16180
5仕業,桟橋通四丁目,桟橋車庫前,高知駅（はりまや橋 経由）,桟橋通五丁目,高知駅前,13:34:00,13:53:30,土日祝_13時34分_系統18160
5仕業,桟橋通四丁目,桟橋車庫前,桟橋通五丁目（はりまや橋 経由）,高知駅前,桟橋通五丁目,13:58:30,14:16:00,土日祝_13時58分_系統16180
5仕業,桟橋通四丁目,桟橋車庫前,高知駅（はりまや橋 経由）,桟橋通五丁目,高知駅前,14:19:00,14:38:30,土日祝_14時19分_系統18160
5仕業,桟橋通四丁目,桟橋車庫前,桟橋通五丁目（はりまや橋 経由）,高知駅前,桟橋通五丁目,14:43:30,15:01:00,土日祝_14時43分_系統16180
5仕業,桟橋通四丁目,桟橋車庫前,高知駅（はりまや橋 経由）,桟橋通五丁目,高知駅前,15:04:00,15:23:30,土日祝_15時04分_系統18160
5仕業,桟橋通四丁目,桟橋車庫前,桟橋通五丁目（はりまや橋 経由）,高知駅前,桟橋通五丁目,15:28:30,15:46:00,土日祝_15時28分_系統16180
5仕業,桟橋通四丁目,桟橋車庫前,高知駅（はりまや橋 経由）,桟橋通五丁目,高知駅前,15:49:00,16:08:00,土日祝_15時49分_系統18160
5仕業,桟橋通四丁目,桟橋車庫前,桟橋通五丁目（はりまや橋 経由）,高知駅前,桟橋通五丁目,16:13:30,16:31:00,土日祝_16時13分_系統16180
5仕業,桟橋通四丁目,桟橋車庫前,高知駅（はりまや橋 経由）,桟橋通五丁目,高知駅前,16:34:00,16:53:30,土日祝_16時34分_系統18160
5仕業,桟橋通四丁目,桟橋車庫前,桟橋通五丁目（はりまや橋 経由）,高知駅前,桟橋通五丁目,16:58:30,17:16:00,土日祝_16時58分_系統16180
5仕業,桟橋通四丁目,桟橋車庫前,高知駅（はりまや橋 経由）,桟橋通五丁目,高知駅前,17:19:00,17:38:00,土日祝_17時19分_系統18160
5仕業,桟橋通四丁目,桟橋車庫前,桟橋通五丁目（はりまや橋 経由）,高知駅前,桟橋通五丁目,17:43:30,18:01:00,土日祝_17時43分_系統16180
5仕業,桟橋通四丁目,桟橋車庫前,高知駅（はりまや橋 経由）,桟橋通五丁目,高知駅前,18:04:00,18:23:30,土日祝_18時04分_系統18160
5仕業,桟橋通四丁目,桟橋車庫前,桟橋車庫（はりまや橋 経由）,高知駅前,桟橋車庫前,18:28:30,18:44:30,土日祝_18時28分_系統16170
,,,,,,,,
6仕業,鏡川橋,後免町,ごめん（はりまや橋・文珠通・領石通 経由）,鏡川橋,後免町,06:06:30,07:00:00,土日祝_06時06分_系統11011
6仕業,鏡川橋,後免町,鏡川橋（はりまや橋 経由）,後免町,鏡川橋,07:03:00,07:59:00,土日祝_07時03分_系統1110
6仕業,鏡川橋,後免町,ごめん（はりまや橋・文珠通・領石通 経由）,鏡川橋,後免町,08:04:00,08:59:30,土日祝_08時04分_系統11011
6仕業,鏡川橋,後免町,鏡川橋（はりまや橋 経由）,後免町,鏡川橋,09:00:00,09:57:00,土日祝_09時00分_系統1110
6仕業,鏡川橋,後免町,文珠通（はりまや橋 経由）,鏡川橋,文珠通,10:01:30,10:35:00,土日祝_10時01分_系統11060
6仕業,鏡川橋,後免町,鏡川橋（はりまや橋 経由）,文珠通,鏡川橋,10:45:00,11:19:00,土日祝_10時45分_系統6110
6仕業,鏡川橋,後免町,ごめん（はりまや橋・文珠通・領石通 経由）,鏡川橋,後免町,11:19:00,12:14:30,土日祝_11時19分_系統11011
6仕業,鏡川橋,後免町,鏡川橋（はりまや橋 経由）,後免町,鏡川橋,12:22:30,13:19:00,土日祝_12時22分_系統1110
6仕業,鏡川橋,後免町,ごめん（はりまや橋・文珠通・領石通 経由）,鏡川橋,後免町,13:19:00,14:14:30,土日祝_13時19分_系統11011
6仕業,鏡川橋,後免町,鏡川橋（はりまや橋 経由）,後免町,鏡川橋,14:27:00,15:23:30,土日祝_14時27分_系統1110
6仕業,鏡川橋,後免町,ごめん（はりまや橋・文珠通・領石通 経由）,鏡川橋,後免町,15:29:00,16:24:30,土日祝_15時29分_系統11011
6仕業,鏡川橋,後免町,鏡川橋（はりまや橋 経由）,後免町,鏡川橋,16:34:30,17:31:30,土日祝_16時34分_系統1110
6仕業,鏡川橋,後免町,文珠通（はりまや橋 経由）,鏡川橋,文珠通,17:36:30,18:10:00,土日祝_17時36分_系統11060
6仕業,鏡川橋,後免町,鏡川橋（はりまや橋 経由）,文珠通,鏡川橋,18:17:30,18:51:00,土日祝_18時17分_系統6110
6仕業,鏡川橋,後免町,ごめん（はりまや橋・文珠通・領石通 経由）,鏡川橋,後免町,18:56:30,19:52:00,土日祝_18時56分_系統11011
6仕業,鏡川橋,後免町,鏡川橋（はりまや橋 経由）,後免町,鏡川橋,20:15:00,21:10:30,土日祝_20時15分_系統1110
6仕業,鏡川橋,後免町,ごめん（はりまや橋・文珠通・領石通 経由）,鏡川橋,後免町,21:22:00,22:17:00,土日祝_21時22分_系統11011
,,,,,,,,
7仕業,桟橋通四丁目,桟橋車庫前,知寄町（はりまや橋 経由）,桟橋通四丁目,知寄町,06:13:00,06:35:30,土日祝_06時13分_系統17070
7仕業,桟橋通四丁目,桟橋車庫前,いの（はりまや橋・鏡川橋・朝倉 経由）,知寄町,伊野,06:41:30,07:38:00,土日祝_06時41分_系統7150
7仕業,桟橋通四丁目,桟橋車庫前,文珠通（はりまや橋 経由）,伊野,文珠通,07:44:00,08:45:00,土日祝_07時44分_系統15060
7仕業,桟橋通四丁目,桟橋車庫前,いの（はりまや橋・鏡川橋・朝倉 経由）,文珠通,伊野,08:50:00,09:50:00,土日祝_08時50分_系統6150
7仕業,桟橋通四丁目,桟橋車庫前,文珠通（はりまや橋 経由）,伊野,文珠通,09:55:00,10:55:00,土日祝_09時55分_系統15060
7仕業,桟橋通四丁目,桟橋車庫前,鏡川橋（はりまや橋 経由）,文珠通,鏡川橋,11:05:00,11:38:30,土日祝_11時05分_系統6110
7仕業,桟橋通四丁目,桟橋車庫前,ごめん（はりまや橋・文珠通・領石通 経由）,鏡川橋,後免町,11:39:00,12:34:30,土日祝_11時39分_系統11011
7仕業,桟橋通四丁目,桟橋車庫前,鏡川橋（はりまや橋 経由）,後免町,鏡川橋,12:42:30,13:39:00,土日祝_12時42分_系統1110
7仕業,桟橋通四丁目,桟橋車庫前,ごめん（はりまや橋・文珠通・領石通 経由）,鏡川橋,後免町,13:39:00,14:34:30,土日祝_13時39分_系統11011
7仕業,桟橋通四丁目,桟橋車庫前,鏡川橋（はりまや橋 経由）,後免町,鏡川橋,14:47:30,15:44:00,土日祝_14時47分_系統1110
7仕業,桟橋通四丁目,桟橋車庫前,文珠通（はりまや橋 経由）,鏡川橋,文珠通,15:44:00,16:17:30,土日祝_15時44分_系統11060
7仕業,桟橋通四丁目,桟橋車庫前,鏡川橋（はりまや橋 経由）,文珠通,鏡川橋,16:25:00,16:59:00,土日祝_16時25分_系統6110
7仕業,桟橋通四丁目,桟橋車庫前,ごめん（はりまや橋・文珠通・領石通 経由）,鏡川橋,後免町,17:09:00,18:05:00,土日祝_17時09分_系統11011
7仕業,桟橋通四丁目,桟橋車庫前,鏡川橋（はりまや橋 経由）,後免町,鏡川橋,18:05:00,19:01:30,土日祝_18時05分_系統1110
7仕業,桟橋通四丁目,桟橋車庫前,桟橋車庫（はりまや橋 経由）,鏡川橋,桟橋車庫前,19:04:00,19:36:30,土日祝_19時04分_系統11170
,,,,,,,,
8仕業,桟橋通五丁目,桟橋車庫前,高知駅（はりまや橋 経由）,桟橋通五丁目,高知駅前,06:14:30,06:31:00,土日祝_06時14分_系統18160
8仕業,桟橋通五丁目,桟橋車庫前,桟橋通五丁目（はりまや橋 経由）,高知駅前,桟橋通五丁目,06:36:00,06:53:30,土日祝_06時36分_系統16180
8仕業,桟橋通五丁目,桟橋車庫前,高知駅（はりまや橋 経由）,桟橋通五丁目,高知駅前,06:56:30,07:16:00,土日祝_06時56分_系統18160
8仕業,桟橋通五丁目,桟橋車庫前,桟橋通五丁目（はりまや橋 経由）,高知駅前,桟橋通五丁目,07:21:30,07:39:00,土日祝_07時21分_系統16180
8仕業,桟橋通五丁目,桟橋車庫前,高知駅（はりまや橋 経由）,桟橋通五丁目,高知駅前,07:41:30,08:01:00,土日祝_07時41分_系統18160
8仕業,桟橋通五丁目,桟橋車庫前,桟橋通五丁目（はりまや橋 経由）,高知駅前,桟橋通五丁目,08:06:00,08:24:00,土日祝_08時06分_系統16180
8仕業,桟橋通五丁目,桟橋車庫前,高知駅（はりまや橋 経由）,桟橋通五丁目,高知駅前,08:26:30,08:46:00,土日祝_08時26分_系統18160
8仕業,桟橋通五丁目,桟橋車庫前,桟橋通五丁目（はりまや橋 経由）,高知駅前,桟橋通五丁目,08:51:30,09:09:00,土日祝_08時51分_系統16180
8仕業,桟橋通五丁目,桟橋車庫前,高知駅（はりまや橋 経由）,桟橋通五丁目,高知駅前,09:11:30,09:31:00,土日祝_09時11分_系統18160
8仕業,桟橋通五丁目,桟橋車庫前,桟橋通五丁目（はりまや橋 経由）,高知駅前,桟橋通五丁目,09:36:30,09:54:00,土日祝_09時36分_系統16180
8仕業,桟橋通五丁目,桟橋車庫前,高知駅（はりまや橋 経由）,桟橋通五丁目,高知駅前,09:56:30,10:16:00,土日祝_09時56分_系統18160
8仕業,桟橋通五丁目,桟橋車庫前,桟橋通五丁目（はりまや橋 経由）,高知駅前,桟橋通五丁目,10:21:30,10:39:00,土日祝_10時21分_系統16180
8仕業,桟橋通五丁目,桟橋車庫前,高知駅（はりまや橋 経由）,桟橋通五丁目,高知駅前,10:41:30,11:01:00,土日祝_10時41分_系統18160
8仕業,桟橋通五丁目,桟橋車庫前,桟橋通五丁目（はりまや橋 経由）,高知駅前,桟橋通五丁目,11:06:30,11:24:00,土日祝_11時06分_系統16180
8仕業,桟橋通五丁目,桟橋車庫前,高知駅（はりまや橋 経由）,桟橋通五丁目,高知駅前,11:26:30,11:46:00,土日祝_11時26分_系統18160
8仕業,桟橋通五丁目,桟橋車庫前,桟橋通五丁目（はりまや橋 経由）,高知駅前,桟橋通五丁目,11:51:30,12:09:00,土日祝_11時51分_系統16180
8仕業,桟橋通五丁目,桟橋車庫前,高知駅（はりまや橋 経由）,桟橋通五丁目,高知駅前,12:11:30,12:31:00,土日祝_12時11分_系統18160
8仕業,桟橋通五丁目,桟橋車庫前,桟橋通五丁目（はりまや橋 経由）,高知駅前,桟橋通五丁目,12:36:30,12:54:00,土日祝_12時36分_系統16180
8仕業,桟橋通五丁目,桟橋車庫前,高知駅（はりまや橋 経由）,桟橋通五丁目,高知駅前,12:56:30,13:16:00,土日祝_12時56分_系統18160
8仕業,桟橋通五丁目,桟橋車庫前,桟橋通五丁目（はりまや橋 経由）,高知駅前,桟橋通五丁目,13:21:30,13:39:00,土日祝_13時21分_系統16180
8仕業,桟橋通五丁目,桟橋車庫前,高知駅（はりまや橋 経由）,桟橋通五丁目,高知駅前,13:41:30,14:01:00,土日祝_13時41分_系統18160
8仕業,桟橋通五丁目,桟橋車庫前,桟橋通五丁目（はりまや橋 経由）,高知駅前,桟橋通五丁目,14:06:30,14:24:00,土日祝_14時06分_系統16180
8仕業,桟橋通五丁目,桟橋車庫前,高知駅（はりまや橋 経由）,桟橋通五丁目,高知駅前,14:26:30,14:46:00,土日祝_14時26分_系統18160
8仕業,桟橋通五丁目,桟橋車庫前,桟橋通五丁目（はりまや橋 経由）,高知駅前,桟橋通五丁目,14:51:30,15:09:00,土日祝_14時51分_系統16180
8仕業,桟橋通五丁目,桟橋車庫前,高知駅（はりまや橋 経由）,桟橋通五丁目,高知駅前,15:11:30,15:31:00,土日祝_15時11分_系統18160
8仕業,桟橋通五丁目,桟橋車庫前,桟橋通五丁目（はりまや橋 経由）,高知駅前,桟橋通五丁目,15:36:30,15:54:00,土日祝_15時36分_系統16180
8仕業,桟橋通五丁目,桟橋車庫前,高知駅（はりまや橋 経由）,桟橋通五丁目,高知駅前,15:56:30,16:16:00,土日祝_15時56分_系統18160
8仕業,桟橋通五丁目,桟橋車庫前,桟橋通五丁目（はりまや橋 経由）,高知駅前,桟橋通五丁目,16:21:30,16:39:00,土日祝_16時21分_系統16180
8仕業,桟橋通五丁目,桟橋車庫前,高知駅（はりまや橋 経由）,桟橋通五丁目,高知駅前,16:41:30,17:01:00,土日祝_16時41分_系統18160
8仕業,桟橋通五丁目,桟橋車庫前,桟橋通五丁目（はりまや橋 経由）,高知駅前,桟橋通五丁目,17:06:30,17:24:00,土日祝_17時06分_系統16180
8仕業,桟橋通五丁目,桟橋車庫前,高知駅（はりまや橋 経由）,桟橋通五丁目,高知駅前,17:26:30,17:46:00,土日祝_17時26分_系統18160
8仕業,桟橋通五丁目,桟橋車庫前,桟橋通五丁目（はりまや橋 経由）,高知駅前,桟橋通五丁目,17:51:30,18:09:00,土日祝_17時51分_系統16180
8仕業,桟橋通五丁目,桟橋車庫前,高知駅（はりまや橋 経由）,桟橋通五丁目,高知駅前,18:11:30,18:31:00,土日祝_18時11分_系統18160
8仕業,桟橋通五丁目,桟橋車庫前,桟橋通五丁目（はりまや橋 経由）,高知駅前,桟橋通五丁目,18:36:30,18:54:00,土日祝_18時36分_系統16180
8仕業,桟橋通五丁目,桟橋車庫前,高知駅（はりまや橋 経由）,桟橋通五丁目,高知駅前,18:56:30,19:16:00,土日祝_18時56分_系統18160
8仕業,桟橋通五丁目,桟橋車庫前,桟橋通五丁目（はりまや橋 経由）,高知駅前,桟橋通五丁目,19:23:30,19:41:00,土日祝_19時23分_系統16180
8仕業,桟橋通五丁目,桟橋車庫前,高知駅（はりまや橋 経由）,桟橋通五丁目,高知駅前,19:44:00,20:03:30,土日祝_19時44分_系統18160
8仕業,桟橋通五丁目,桟橋車庫前,桟橋通五丁目（はりまや橋 経由）,高知駅前,桟橋通五丁目,20:08:30,20:26:00,土日祝_20時08分_系統16180
8仕業,桟橋通五丁目,桟橋車庫前,高知駅（はりまや橋 経由）,桟橋通五丁目,高知駅前,20:31:30,20:51:00,土日祝_20時31分_系統18160
8仕業,桟橋通五丁目,桟橋車庫前,桟橋通五丁目（はりまや橋 経由）,高知駅前,桟橋通五丁目,20:56:00,21:12:00,土日祝_20時56分_系統16180
8仕業,桟橋通五丁目,桟橋車庫前,高知駅（はりまや橋 経由）,桟橋通五丁目,高知駅前,21:16:30,21:35:00,土日祝_21時16分_系統18160
8仕業,桟橋通五丁目,桟橋車庫前,桟橋車庫（はりまや橋 経由）,高知駅前,桟橋車庫前,21:40:00,21:52:30,土日祝_21時40分_系統16170
,,,,,,,,
9仕業,後免町,桟橋車庫前,鏡川橋（はりまや橋 経由）,後免町,鏡川橋,06:17:30,07:14:00,土日祝_06時17分_系統1110
9仕業,後免町,桟橋車庫前,ごめん（はりまや橋・文珠通・領石通 経由）,鏡川橋,後免町,07:19:00,08:14:30,土日祝_07時19分_系統11011
9仕業,後免町,桟橋車庫前,鏡川橋（はりまや橋 経由）,後免町,鏡川橋,08:17:30,09:14:00,土日祝_08時17分_系統1110
9仕業,後免町,桟橋車庫前,桟橋車庫（はりまや橋 経由）,鏡川橋,桟橋車庫前,09:21:30,09:54:00,土日祝_09時21分_系統11170
,,,,,,,,
10仕業,桟橋通四丁目,鏡川橋,鏡川橋（はりまや橋 経由）,桟橋通四丁目,鏡川橋,06:18:00,06:47:00,土日祝_06時18分_系統17110
10仕業,桟橋通四丁目,鏡川橋,ごめん（はりまや橋・文珠通・領石通 経由）,鏡川橋,後免町,06:54:00,07:49:30,土日祝_06時54分_系統11011
10仕業,桟橋通四丁目,鏡川橋,鏡川橋（はりまや橋 経由）,後免町,鏡川橋,07:55:00,08:51:30,土日祝_07時55分_系統1110
10仕業,桟橋通四丁目,鏡川橋,文珠通（はりまや橋 経由）,鏡川橋,文珠通,08:51:30,09:25:00,土日祝_08時51分_系統11060
10仕業,桟橋通四丁目,鏡川橋,いの（はりまや橋・鏡川橋・朝倉 経由）,文珠通,伊野,09:30:00,10:32:00,土日祝_09時30分_系統6150
10仕業,桟橋通四丁目,鏡川橋,文珠通（はりまや橋 経由）,伊野,文珠通,10:37:00,11:37:30,土日祝_10時37分_系統15060
10仕業,桟橋通四丁目,鏡川橋,朝倉（はりまや橋・鏡川橋 経由）,文珠通,朝倉,11:50:00,12:33:30,土日祝_11時50分_系統6130
10仕業,桟橋通四丁目,鏡川橋,文珠通（はりまや橋 経由）,朝倉,文珠通,12:42:30,13:22:30,土日祝_12時42分_系統13060
10仕業,桟橋通四丁目,鏡川橋,鏡川橋（はりまや橋 経由）,文珠通,鏡川橋,13:35:00,14:09:00,土日祝_13時35分_系統6110
10仕業,桟橋通四丁目,鏡川橋,文珠通（はりまや橋 経由）,鏡川橋,文珠通,14:21:30,14:55:00,土日祝_14時21分_系統11060
10仕業,桟橋通四丁目,鏡川橋,鏡川橋（はりまや橋 経由）,文珠通,鏡川橋,14:57:30,15:31:30,土日祝_14時57分_系統6110
10仕業,桟橋通四丁目,鏡川橋,ごめん（はりまや橋・文珠通・領石通 経由）,鏡川橋,後免町,15:51:30,16:47:00,土日祝_15時51分_系統11011
10仕業,桟橋通四丁目,鏡川橋,鏡川橋（はりまや橋 経由）,後免町,鏡川橋,16:57:30,17:54:00,土日祝_16時57分_系統1110
10仕業,桟橋通四丁目,鏡川橋,ごめん（はりまや橋・文珠通・領石通 経由）,鏡川橋,後免町,17:54:00,18:49:30,土日祝_17時54分_系統11011
10仕業,桟橋通四丁目,鏡川橋,鏡川橋（はりまや橋 経由）,後免町,鏡川橋,19:00:00,19:56:30,土日祝_19時00分_系統1110
10仕業,桟橋通四丁目,鏡川橋,ごめん（はりまや橋・文珠通・領石通 経由）,鏡川橋,後免町,19:59:00,20:54:30,土日祝_19時59分_系統11011
10仕業,桟橋通四丁目,鏡川橋,鏡川橋（はりまや橋 経由）,後免町,鏡川橋,21:05:00,21:57:30,土日祝_21時05分_系統1110
,,,,,,,,
11仕業,鏡川橋,桟橋車庫前,文珠通（はりまや橋 経由）,鏡川橋,文珠通,06:21:30,06:55:00,土日祝_06時21分_系統11060
11仕業,鏡川橋,桟橋車庫前,鏡川橋（はりまや橋 経由）,文珠通,鏡川橋,07:02:30,07:36:30,土日祝_07時02分_系統6110
11仕業,鏡川橋,桟橋車庫前,ごめん（はりまや橋・文珠通・領石通 経由）,鏡川橋,後免町,07:41:30,08:37:00,土日祝_07時41分_系統11011
11仕業,鏡川橋,桟橋車庫前,朝倉（はりまや橋・鏡川橋 経由）,後免町,朝倉,08:40:00,09:46:00,土日祝_08時40分_系統1130
11仕業,鏡川橋,桟橋車庫前,桟橋車庫（はりまや橋 経由）,朝倉,桟橋車庫前,09:52:00,10:31:30,土日祝_09時52分_系統13170
,,,,,,,,
12仕業,桟橋通五丁目,桟橋車庫前,高知駅（はりまや橋 経由）,桟橋通五丁目,高知駅前,06:26:00,06:43:00,土日祝_06時26分_系統18160
12仕業,桟橋通五丁目,桟橋車庫前,桟橋通五丁目（はりまや橋 経由）,高知駅前,桟橋通五丁目,06:48:30,07:06:00,土日祝_06時48分_系統16180
12仕業,桟橋通五丁目,桟橋車庫前,高知駅（はりまや橋 経由）,桟橋通五丁目,高知駅前,07:09:00,07:28:00,土日祝_07時09分_系統18160
12仕業,桟橋通五丁目,桟橋車庫前,桟橋通五丁目（はりまや橋 経由）,高知駅前,桟橋通五丁目,07:33:30,07:51:00,土日祝_07時33分_系統16180
12仕業,桟橋通五丁目,桟橋車庫前,高知駅（はりまや橋 経由）,桟橋通五丁目,高知駅前,07:54:00,08:13:00,土日祝_07時54分_系統18160
12仕業,桟橋通五丁目,桟橋車庫前,桟橋通五丁目（はりまや橋 経由）,高知駅前,桟橋通五丁目,08:18:30,08:36:00,土日祝_08時18分_系統16180
12仕業,桟橋通五丁目,桟橋車庫前,高知駅（はりまや橋 経由）,桟橋通五丁目,高知駅前,08:39:00,08:58:00,土日祝_08時39分_系統18160
12仕業,桟橋通五丁目,桟橋車庫前,桟橋通五丁目（はりまや橋 経由）,高知駅前,桟橋通五丁目,09:03:30,09:21:00,土日祝_09時03分_系統16180
12仕業,桟橋通五丁目,桟橋車庫前,高知駅（はりまや橋 経由）,桟橋通五丁目,高知駅前,09:21:00,09:38:00,土日祝_09時21分_系統18160
12仕業,桟橋通五丁目,桟橋車庫前,桟橋通五丁目（はりまや橋 経由）,高知駅前,桟橋通五丁目,09:43:30,10:01:00,土日祝_09時43分_系統16180
12仕業,桟橋通五丁目,桟橋車庫前,高知駅（はりまや橋 経由）,桟橋通五丁目,高知駅前,10:04:00,10:23:30,土日祝_10時04分_系統18160
12仕業,桟橋通五丁目,桟橋車庫前,桟橋通五丁目（はりまや橋 経由）,高知駅前,桟橋通五丁目,10:28:30,10:46:00,土日祝_10時28分_系統16180
12仕業,桟橋通五丁目,桟橋車庫前,高知駅（はりまや橋 経由）,桟橋通五丁目,高知駅前,10:49:00,11:08:00,土日祝_10時49分_系統18160
12仕業,桟橋通五丁目,桟橋車庫前,桟橋通五丁目（はりまや橋 経由）,高知駅前,桟橋通五丁目,11:13:30,11:31:00,土日祝_11時13分_系統16180
12仕業,桟橋通五丁目,桟橋車庫前,高知駅（はりまや橋 経由）,桟橋通五丁目,高知駅前,11:34:00,11:53:00,土日祝_11時34分_系統18160
12仕業,桟橋通五丁目,桟橋車庫前,桟橋通五丁目（はりまや橋 経由）,高知駅前,桟橋通五丁目,11:58:30,12:16:00,土日祝_11時58分_系統16180
12仕業,桟橋通五丁目,桟橋車庫前,高知駅（はりまや橋 経由）,桟橋通五丁目,高知駅前,12:19:00,12:38:00,土日祝_12時19分_系統18160
12仕業,桟橋通五丁目,桟橋車庫前,桟橋通五丁目（はりまや橋 経由）,高知駅前,桟橋通五丁目,12:43:30,13:01:00,土日祝_12時43分_系統16180
12仕業,桟橋通五丁目,桟橋車庫前,高知駅（はりまや橋 経由）,桟橋通五丁目,高知駅前,13:04:00,13:23:00,土日祝_13時04分_系統18160
12仕業,桟橋通五丁目,桟橋車庫前,桟橋通五丁目（はりまや橋 経由）,高知駅前,桟橋通五丁目,13:28:30,13:46:00,土日祝_13時28分_系統16180
12仕業,桟橋通五丁目,桟橋車庫前,高知駅（はりまや橋 経由）,桟橋通五丁目,高知駅前,13:49:00,14:08:30,土日祝_13時49分_系統18160
12仕業,桟橋通五丁目,桟橋車庫前,桟橋通五丁目（はりまや橋 経由）,高知駅前,桟橋通五丁目,14:13:30,14:31:00,土日祝_14時13分_系統16180
12仕業,桟橋通五丁目,桟橋車庫前,高知駅（はりまや橋 経由）,桟橋通五丁目,高知駅前,14:34:00,14:53:00,土日祝_14時34分_系統18160
12仕業,桟橋通五丁目,桟橋車庫前,桟橋通五丁目（はりまや橋 経由）,高知駅前,桟橋通五丁目,14:58:30,15:16:00,土日祝_14時58分_系統16180
12仕業,桟橋通五丁目,桟橋車庫前,高知駅（はりまや橋 経由）,桟橋通五丁目,高知駅前,15:19:00,15:38:00,土日祝_15時19分_系統18160
12仕業,桟橋通五丁目,桟橋車庫前,桟橋通五丁目（はりまや橋 経由）,高知駅前,桟橋通五丁目,15:43:30,16:01:00,土日祝_15時43分_系統16180
12仕業,桟橋通五丁目,桟橋車庫前,高知駅（はりまや橋 経由）,桟橋通五丁目,高知駅前,16:04:00,16:23:00,土日祝_16時04分_系統18160
12仕業,桟橋通五丁目,桟橋車庫前,桟橋通五丁目（はりまや橋 経由）,高知駅前,桟橋通五丁目,16:28:30,16:46:00,土日祝_16時28分_系統16180
12仕業,桟橋通五丁目,桟橋車庫前,高知駅（はりまや橋 経由）,桟橋通五丁目,高知駅前,16:49:00,17:08:00,土日祝_16時49分_系統18160
12仕業,桟橋通五丁目,桟橋車庫前,桟橋車庫（はりまや橋 経由）,高知駅前,桟橋車庫前,17:13:30,17:29:00,土日祝_17時13分_系統16170
,,,,,,,,
13仕業,鏡川橋,後免町,ごめん（はりまや橋・文珠通・領石通 経由）,鏡川橋,後免町,06:31:30,07:27:00,土日祝_06時31分_系統11011
13仕業,鏡川橋,後免町,鏡川橋（はりまや橋 経由）,後免町,鏡川橋,07:27:00,08:24:30,土日祝_07時27分_系統1110
13仕業,鏡川橋,後免町,ごめん（はりまや橋・文珠通・領石通 経由）,鏡川橋,後免町,08:26:30,09:22:00,土日祝_08時26分_系統11011
13仕業,鏡川橋,後免町,鏡川橋（はりまや橋 経由）,後免町,鏡川橋,09:35:00,10:31:30,土日祝_09時35分_系統1110
13仕業,鏡川橋,後免町,ごめん（はりまや橋・文珠通・領石通 経由）,鏡川橋,後免町,10:36:30,11:32:00,土日祝_10時36分_系統11011
13仕業,鏡川橋,後免町,鏡川橋（はりまや橋 経由）,後免町,鏡川橋,11:40:00,12:36:30,土日祝_11時40分_系統1110
13仕業,鏡川橋,後免町,ごめん（はりまや橋・文珠通・領石通 経由）,鏡川橋,後免町,12:36:30,13:32:00,土日祝_12時36分_系統11011
13仕業,鏡川橋,後免町,鏡川橋（はりまや橋 経由）,後免町,鏡川橋,13:44:30,14:41:30,土日祝_13時44分_系統1110
13仕業,鏡川橋,後免町,文珠通（はりまや橋 経由）,鏡川橋,文珠通,14:41:30,15:15:00,土日祝_14時41分_系統11060
13仕業,鏡川橋,後免町,鏡川橋（はりまや橋 経由）,文珠通,鏡川橋,15:17:30,15:51:30,土日祝_15時17分_系統6110
13仕業,鏡川橋,後免町,文珠通（はりまや橋 経由）,鏡川橋,文珠通,16:04:00,16:37:30,土日祝_16時04分_系統11060
13仕業,鏡川橋,後免町,鏡川橋（はりまや橋 経由）,文珠通,鏡川橋,16:45:00,17:19:00,土日祝_16時45分_系統6110
13仕業,鏡川橋,後免町,ごめん（はりまや橋・文珠通・領石通 経由）,鏡川橋,後免町,17:29:00,18:24:30,土日祝_17時29分_系統11011
13仕業,鏡川橋,後免町,鏡川橋（はりまや橋 経由）,後免町,鏡川橋,18:37:30,19:34:00,土日祝_18時37分_系統1110
13仕業,鏡川橋,後免町,ごめん（はりまや橋・文珠通・領石通 経由）,鏡川橋,後免町,19:44:00,20:39:30,土日祝_19時44分_系統11011
,,,,,,,,
14仕業,後免町,桟橋車庫前,朝倉（はりまや橋・鏡川橋 経由）,後免町,朝倉,06:33:00,07:36:00,土日祝_06時33分_系統1130
14仕業,後免町,桟橋車庫前,文珠通（はりまや橋 経由）,朝倉,文珠通,07:42:00,08:22:30,土日祝_07時42分_系統13060
14仕業,後免町,桟橋車庫前,桟橋車庫（はりまや橋 経由）,文珠通,桟橋車庫前,08:27:30,08:51:30,土日祝_08時27分_系統6170
,,,,,,,,
15仕業,桟橋通五丁目,桟橋車庫前,高知駅（はりまや橋 経由）,桟橋通五丁目,高知駅前,06:39:00,06:56:00,土日祝_06時39分_系統18160
15仕業,桟橋通五丁目,桟橋車庫前,桟橋通五丁目（はりまや橋 経由）,高知駅前,桟橋通五丁目,07:01:30,07:19:00,土日祝_07時01分_系統16180
15仕業,桟橋通五丁目,桟橋車庫前,高知駅（はりまや橋 経由）,桟橋通五丁目,高知駅前,07:21:30,07:41:00,土日祝_07時21分_系統18160
15仕業,桟橋通五丁目,桟橋車庫前,桟橋通五丁目（はりまや橋 経由）,高知駅前,桟橋通五丁目,07:46:00,08:03:30,土日祝_07時46分_系統16180
15仕業,桟橋通五丁目,桟橋車庫前,高知駅（はりまや橋 経由）,桟橋通五丁目,高知駅前,08:06:30,08:26:00,土日祝_08時06分_系統18160
15仕業,桟橋通五丁目,桟橋車庫前,桟橋通五丁目（はりまや橋 経由）,高知駅前,桟橋通五丁目,08:31:30,08:49:00,土日祝_08時31分_系統16180
15仕業,桟橋通五丁目,桟橋車庫前,高知駅（はりまや橋 経由）,桟橋通五丁目,高知駅前,08:49:00,09:06:00,土日祝_08時49分_系統18160
15仕業,桟橋通五丁目,桟橋車庫前,桟橋通五丁目（はりまや橋 経由）,高知駅前,桟橋通五丁目,09:11:30,09:29:00,土日祝_09時11分_系統16180
15仕業,桟橋通五丁目,桟橋車庫前,高知駅（はりまや橋 経由）,桟橋通五丁目,高知駅前,09:34:00,09:53:00,土日祝_09時34分_系統18160
15仕業,桟橋通五丁目,桟橋車庫前,桟橋通五丁目（はりまや橋 経由）,高知駅前,桟橋通五丁目,09:58:30,10:16:00,土日祝_09時58分_系統16180
15仕業,桟橋通五丁目,桟橋車庫前,高知駅（はりまや橋 経由）,桟橋通五丁目,高知駅前,10:19:00,10:38:00,土日祝_10時19分_系統18160
15仕業,桟橋通五丁目,桟橋車庫前,桟橋通五丁目（はりまや橋 経由）,高知駅前,桟橋通五丁目,10:43:30,11:01:00,土日祝_10時43分_系統16180
15仕業,桟橋通五丁目,桟橋車庫前,高知駅（はりまや橋 経由）,桟橋通五丁目,高知駅前,11:04:00,11:23:00,土日祝_11時04分_系統18160
15仕業,桟橋通五丁目,桟橋車庫前,桟橋通五丁目（はりまや橋 経由）,高知駅前,桟橋通五丁目,11:28:30,11:46:00,土日祝_11時28分_系統16180
15仕業,桟橋通五丁目,桟橋車庫前,高知駅（はりまや橋 経由）,桟橋通五丁目,高知駅前,11:49:00,12:08:00,土日祝_11時49分_系統18160
15仕業,桟橋通五丁目,桟橋車庫前,桟橋通五丁目（はりまや橋 経由）,高知駅前,桟橋通五丁目,12:13:30,12:31:00,土日祝_12時13分_系統16180
15仕業,桟橋通五丁目,桟橋車庫前,高知駅（はりまや橋 経由）,桟橋通五丁目,高知駅前,12:34:00,12:53:00,土日祝_12時34分_系統18160
15仕業,桟橋通五丁目,桟橋車庫前,桟橋通五丁目（はりまや橋 経由）,高知駅前,桟橋通五丁目,12:58:30,13:16:00,土日祝_12時58分_系統16180
15仕業,桟橋通五丁目,桟橋車庫前,高知駅（はりまや橋 経由）,桟橋通五丁目,高知駅前,13:19:00,13:38:00,土日祝_13時19分_系統18160
15仕業,桟橋通五丁目,桟橋車庫前,桟橋通五丁目（はりまや橋 経由）,高知駅前,桟橋通五丁目,13:43:30,14:01:00,土日祝_13時43分_系統16180
15仕業,桟橋通五丁目,桟橋車庫前,高知駅（はりまや橋 経由）,桟橋通五丁目,高知駅前,14:04:00,14:23:00,土日祝_14時04分_系統18160
15仕業,桟橋通五丁目,桟橋車庫前,桟橋通五丁目（はりまや橋 経由）,高知駅前,桟橋通五丁目,14:28:30,14:46:00,土日祝_14時28分_系統16180
15仕業,桟橋通五丁目,桟橋車庫前,高知駅（はりまや橋 経由）,桟橋通五丁目,高知駅前,14:49:00,15:08:00,土日祝_14時49分_系統18160
15仕業,桟橋通五丁目,桟橋車庫前,桟橋通五丁目（はりまや橋 経由）,高知駅前,桟橋通五丁目,15:13:30,15:31:00,土日祝_15時13分_系統16180
15仕業,桟橋通五丁目,桟橋車庫前,高知駅（はりまや橋 経由）,桟橋通五丁目,高知駅前,15:34:00,15:53:00,土日祝_15時34分_系統18160
15仕業,桟橋通五丁目,桟橋車庫前,桟橋通五丁目（はりまや橋 経由）,高知駅前,桟橋通五丁目,15:58:30,16:16:00,土日祝_15時58分_系統16180
15仕業,桟橋通五丁目,桟橋車庫前,高知駅（はりまや橋 経由）,桟橋通五丁目,高知駅前,16:19:00,16:38:00,土日祝_16時19分_系統18160
15仕業,桟橋通五丁目,桟橋車庫前,桟橋通五丁目（はりまや橋 経由）,高知駅前,桟橋通五丁目,16:43:30,17:01:00,土日祝_16時43分_系統16180
15仕業,桟橋通五丁目,桟橋車庫前,高知駅（はりまや橋 経由）,桟橋通五丁目,高知駅前,17:04:00,17:23:30,土日祝_17時04分_系統18160
15仕業,桟橋通五丁目,桟橋車庫前,桟橋通五丁目（はりまや橋 経由）,高知駅前,桟橋通五丁目,17:28:30,17:46:00,土日祝_17時28分_系統16180
15仕業,桟橋通五丁目,桟橋車庫前,高知駅（はりまや橋 経由）,桟橋通五丁目,高知駅前,17:49:00,18:08:00,土日祝_17時49分_系統18160
15仕業,桟橋通五丁目,桟橋車庫前,桟橋通五丁目（はりまや橋 経由）,高知駅前,桟橋通五丁目,18:13:30,18:31:00,土日祝_18時13分_系統16180
15仕業,桟橋通五丁目,桟橋車庫前,高知駅（はりまや橋 経由）,桟橋通五丁目,高知駅前,18:36:30,18:56:00,土日祝_18時36分_系統18160
15仕業,桟橋通五丁目,桟橋車庫前,桟橋通五丁目（はりまや橋 経由）,高知駅前,桟橋通五丁目,19:03:30,19:21:00,土日祝_19時03分_系統16180
15仕業,桟橋通五丁目,桟橋車庫前,高知駅（はりまや橋 経由）,桟橋通五丁目,高知駅前,19:29:00,19:48:00,土日祝_19時29分_系統18160
15仕業,桟橋通五丁目,桟橋車庫前,桟橋通五丁目（はりまや橋 経由）,高知駅前,桟橋通五丁目,19:53:30,20:11:00,土日祝_19時53分_系統16180
15仕業,桟橋通五丁目,桟橋車庫前,高知駅（はりまや橋 経由）,桟橋通五丁目,高知駅前,20:16:30,20:36:00,土日祝_20時16分_系統18160
15仕業,桟橋通五丁目,桟橋車庫前,桟橋通五丁目（はりまや橋 経由）,高知駅前,桟橋通五丁目,20:41:30,20:59:00,土日祝_20時41分_系統16180
15仕業,桟橋通五丁目,桟橋車庫前,高知駅（はりまや橋 経由）,桟橋通五丁目,高知駅前,21:01:30,21:19:30,土日祝_21時01分_系統18160
15仕業,桟橋通五丁目,桟橋車庫前,桟橋車庫（はりまや橋 経由）,高知駅前,桟橋車庫前,21:25:30,21:38:30,土日祝_21時25分_系統16170
,,,,,,,,
16仕業,後免町,桟橋車庫前,鏡川橋（はりまや橋 経由）,後免町,鏡川橋,06:47:30,07:44:30,土日祝_06時47分_系統1110
16仕業,後免町,桟橋車庫前,文珠通（はりまや橋 経由）,鏡川橋,文珠通,07:56:30,08:30:00,土日祝_07時56分_系統11060
16仕業,後免町,桟橋車庫前,桟橋車庫（はりまや橋 経由）,文珠通,桟橋車庫前,08:35:00,08:59:00,土日祝_08時35分_系統6170
,,,,,,,,
17仕業,桟橋通四丁目,桟橋車庫前,鏡川橋（はりまや橋 経由）,桟橋通四丁目,鏡川橋,06:53:00,07:21:30,土日祝_06時53分_系統17110
17仕業,桟橋通四丁目,桟橋車庫前,文珠通（はりまや橋 経由）,鏡川橋,文珠通,07:34:00,08:07:30,土日祝_07時34分_系統11060
17仕業,桟橋通四丁目,桟橋車庫前,鏡川橋（はりまや橋 経由）,文珠通,鏡川橋,08:15:00,08:48:30,土日祝_08時15分_系統6110
17仕業,桟橋通四丁目,桟橋車庫前,文珠通（はりまや橋 経由）,鏡川橋,文珠通,08:59:00,09:32:30,土日祝_08時59分_系統11060
17仕業,桟橋通四丁目,桟橋車庫前,鏡川橋（はりまや橋 経由）,文珠通,鏡川橋,09:37:30,10:11:00,土日祝_09時37分_系統6110
17仕業,桟橋通四丁目,桟橋車庫前,ごめん（はりまや橋・文珠通・領石通 経由）,鏡川橋,後免町,10:16:30,11:12:00,土日祝_10時16分_系統11011
17仕業,桟橋通四丁目,桟橋車庫前,鏡川橋（はりまや橋 経由）,後免町,鏡川橋,11:20:30,12:16:00,土日祝_11時20分_系統1110
17仕業,桟橋通四丁目,桟橋車庫前,ごめん（はりまや橋・文珠通・領石通 経由）,鏡川橋,後免町,12:21:30,13:17:00,土日祝_12時21分_系統11011
17仕業,桟橋通四丁目,桟橋車庫前,鏡川橋（はりまや橋 経由）,後免町,鏡川橋,13:25:00,14:21:00,土日祝_13時25分_系統1110
17仕業,桟橋通四丁目,桟橋車庫前,ごめん（はりまや橋・文珠通・領石通 経由）,鏡川橋,後免町,14:26:30,15:22:00,土日祝_14時26分_系統11011
17仕業,桟橋通四丁目,桟橋車庫前,鏡川橋（はりまや橋 経由）,後免町,鏡川橋,15:30:00,16:26:00,土日祝_15時30分_系統1110
17仕業,桟橋通四丁目,桟橋車庫前,桟橋車庫（はりまや橋 経由）,鏡川橋,桟橋車庫前,16:31:30,17:04:00,土日祝_16時31分_系統11170
,,,,,,,,
18仕業,後免町,桟橋車庫前,鏡川橋（はりまや橋 経由）,後免町,鏡川橋,07:10:30,08:06:30,土日祝_07時10分_系統1110
18仕業,後免町,桟橋車庫前,文珠通（はりまや橋 経由）,鏡川橋,文珠通,08:41:30,09:15:00,土日祝_08時41分_系統11060
18仕業,後免町,桟橋車庫前,鏡川橋（はりまや橋 経由）,文珠通,鏡川橋,09:17:30,09:51:30,土日祝_09時17分_系統6110
18仕業,後免町,桟橋車庫前,桟橋車庫（はりまや橋 経由）,鏡川橋,桟橋車庫前,09:51:30,10:24:00,土日祝_09時51分_系統11170
,,,,,,,,
19仕業,後免町,桟橋車庫前,朝倉（はりまや橋・鏡川橋 経由）,後免町,朝倉,07:17:00,08:23:30,土日祝_07時17分_系統1130
19仕業,後免町,桟橋車庫前,文珠通（はりまや橋 経由）,朝倉,文珠通,08:30:00,09:10:00,土日祝_08時30分_系統13060
19仕業,後免町,桟橋車庫前,桟橋車庫（はりまや橋 経由）,文珠通,桟橋車庫前,09:20:00,09:44:30,土日祝_09時20分_系統6170
,,,,,,,,
20仕業,後免町,桟橋車庫前,鏡川橋（はりまや橋 経由）,後免町,鏡川橋,07:37:00,08:34:00,土日祝_07時37分_系統1110
20仕業,後免町,桟橋車庫前,ごめん（はりまや橋・文珠通・領石通 経由）,鏡川橋,後免町,08:46:30,09:42:00,土日祝_08時46分_系統11011
20仕業,後免町,桟橋車庫前,鏡川橋（はりまや橋 経由）,後免町,鏡川橋,09:55:00,10:51:30,土日祝_09時55分_系統1110
20仕業,後免町,桟橋車庫前,文珠通（はりまや橋 経由）,鏡川橋,文珠通,10:51:30,11:25:00,土日祝_10時51分_系統11060
20仕業,後免町,桟橋車庫前,鏡川橋（はりまや橋 経由）,文珠通,鏡川橋,11:27:30,12:01:30,土日祝_11時27分_系統6110
20仕業,後免町,桟橋車庫前,文珠通（はりまや橋 経由）,鏡川橋,文珠通,12:14:00,12:47:30,土日祝_12時14分_系統11060
20仕業,後免町,桟橋車庫前,鏡川橋（はりまや橋 経由）,文珠通,鏡川橋,12:52:30,13:27:00,土日祝_12時52分_系統6110
20仕業,後免町,桟橋車庫前,桟橋車庫（はりまや橋 経由）,鏡川橋,桟橋車庫前,13:44:00,14:16:30,土日祝_13時44分_系統11170
,,,,,,,,
21仕業,後免町,桟橋車庫前,鏡川橋（はりまや橋 経由）,後免町,鏡川橋,07:47:30,08:44:00,土日祝_07時47分_系統1110
21仕業,後免町,桟橋車庫前,文珠通（はりまや橋 経由）,鏡川橋,文珠通,09:04:00,09:37:30,土日祝_09時04分_系統11060
21仕業,後免町,桟橋車庫前,鏡川橋（はりまや橋 経由）,文珠通,鏡川橋,09:45:00,10:19:30,土日祝_09時45分_系統6110
21仕業,後免町,桟橋車庫前,文珠通（はりまや橋 経由）,鏡川橋,文珠通,10:29:00,11:02:30,土日祝_10時29分_系統11060
21仕業,後免町,桟橋車庫前,朝倉（はりまや橋・鏡川橋 経由）,文珠通,朝倉,11:12:30,11:53:30,土日祝_11時12分_系統6130
21仕業,後免町,桟橋車庫前,文珠通（はりまや橋 経由）,朝倉,文珠通,12:00:00,12:40:00,土日祝_12時00分_系統13060
21仕業,後免町,桟橋車庫前,鏡川橋（はりまや橋 経由）,文珠通,鏡川橋,12:40:00,13:13:30,土日祝_12時40分_系統6110
21仕業,後免町,桟橋車庫前,文珠通（はりまや橋 経由）,鏡川橋,文珠通,13:24:00,13:57:30,土日祝_13時24分_系統11060
21仕業,後免町,桟橋車庫前,朝倉（はりまや橋・鏡川橋 経由）,文珠通,朝倉,14:02:30,14:43:30,土日祝_14時02分_系統6130
21仕業,後免町,桟橋車庫前,桟橋車庫（はりまや橋 経由）,朝倉,桟橋車庫前,14:50:00,15:29:00,土日祝_14時50分_系統13170
,,,,,,,,
22仕業,後免町,桟橋車庫前,朝倉（はりまや橋・鏡川橋 経由）,後免町,朝倉,08:00:00,09:06:00,土日祝_08時00分_系統1130
22仕業,後免町,桟橋車庫前,文珠通（はりまや橋 経由）,朝倉,文珠通,09:12:30,09:52:30,土日祝_09時12分_系統13060
22仕業,後免町,桟橋車庫前,鏡川橋（はりまや橋 経由）,文珠通,鏡川橋,10:05:00,10:39:00,土日祝_10時05分_系統6110
22仕業,後免町,桟橋車庫前,文珠通（はりまや橋 経由）,鏡川橋,文珠通,11:11:30,11:45:00,土日祝_11時11分_系統11060
22仕業,後免町,桟橋車庫前,鏡川橋（はりまや橋 経由）,文珠通,鏡川橋,11:55:00,12:28:30,土日祝_11時55分_系統6110
22仕業,後免町,桟橋車庫前,文珠通（はりまや橋 経由）,鏡川橋,文珠通,12:41:30,13:15:00,土日祝_12時41分_系統11060
22仕業,後免町,桟橋車庫前,朝倉（はりまや橋・鏡川橋 経由）,文珠通,朝倉,13:20:00,14:01:00,土日祝_13時20分_系統6130
22仕業,後免町,桟橋車庫前,文珠通（はりまや橋 経由）,朝倉,文珠通,14:07:30,14:47:30,土日祝_14時07分_系統13060
22仕業,後免町,桟橋車庫前,いの（はりまや橋・鏡川橋・朝倉 経由）,文珠通,伊野,15:05:00,16:08:00,土日祝_15時05分_系統6150
22仕業,後免町,桟橋車庫前,桟橋車庫（はりまや橋 経由）,伊野,桟橋車庫前,16:13:00,17:11:30,土日祝_16時13分_系統15170
,,,,,,,,
23仕業,後免町,後免町,鏡川橋（はりまや橋 経由）,後免町,鏡川橋,08:09:30,09:06:30,土日祝_08時09分_系統1110
23仕業,後免町,後免町,文珠通（はりまや橋 経由）,鏡川橋,文珠通,09:09:00,09:42:30,土日祝_09時09分_系統11060
23仕業,後免町,後免町,朝倉（はりまや橋・鏡川橋 経由）,文珠通,朝倉,09:50:00,10:31:00,土日祝_09時50分_系統6130
23仕業,後免町,後免町,文珠通（はりまや橋 経由）,朝倉,文珠通,10:37:30,11:17:30,土日祝_10時37分_系統13060
23仕業,後免町,後免町,いの（はりまや橋・鏡川橋・朝倉 経由）,文珠通,伊野,11:35:00,12:38:00,土日祝_11時35分_系統6150
23仕業,後免町,後免町,文珠通（はりまや橋 経由）,伊野,文珠通,12:43:00,13:42:30,土日祝_12時43分_系統15060
23仕業,後免町,後免町,鏡川橋（はりまや橋 経由）,文珠通,鏡川橋,13:55:00,14:29:00,土日祝_13時55分_系統6110
23仕業,後免町,後免町,ごめん（はりまや橋・文珠通・領石通 経由）,鏡川橋,後免町,14:49:00,15:44:30,土日祝_14時49分_系統11011
23仕業,後免町,後免町,鏡川橋（はりまや橋 経由）,後免町,鏡川橋,15:54:30,16:51:30,土日祝_15時54分_系統1110
23仕業,後免町,後免町,文珠通（はりまや橋 経由）,鏡川橋,文珠通,16:51:30,17:25:00,土日祝_16時51分_系統11060
23仕業,後免町,後免町,鏡川橋（はりまや橋 経由）,文珠通,鏡川橋,17:27:30,18:01:30,土日祝_17時27分_系統6110
23仕業,後免町,後免町,ごめん（はりまや橋・文珠通・領石通 経由）,鏡川橋,後免町,18:01:30,18:57:00,土日祝_18時01分_系統11011
23仕業,後免町,後免町,朝倉（はりまや橋・鏡川橋 経由）,後免町,朝倉,19:22:30,20:28:30,土日祝_19時22分_系統1130
23仕業,後免町,後免町,ごめん（はりまや橋・文珠通・領石通 経由）,朝倉,後免町,20:37:30,21:39:00,土日祝_20時37分_系統13010
,,,,,,,,
24仕業,後免町,後免町,鏡川橋（はりまや橋 経由）,後免町,鏡川橋,08:22:00,09:19:00,土日祝_08時22分_系統1110
24仕業,後免町,後免町,文珠通（はりまや橋 経由）,鏡川橋,文珠通,09:26:30,10:00:00,土日祝_09時26分_系統11060
24仕業,後免町,後免町,朝倉（はりまや橋・鏡川橋 経由）,文珠通,朝倉,10:32:30,11:13:30,土日祝_10時32分_系統6130
24仕業,後免町,後免町,文珠通（はりまや橋 経由）,朝倉,文珠通,11:20:00,12:00:00,土日祝_11時20分_系統13060
24仕業,後免町,後免町,朝倉（はりまや橋・鏡川橋 経由）,文珠通,朝倉,12:32:30,13:16:00,土日祝_12時32分_系統6130
24仕業,後免町,後免町,文珠通（はりまや橋 経由）,朝倉,文珠通,13:25:00,14:05:00,土日祝_13時25分_系統13060
24仕業,後免町,後免町,鏡川橋（はりまや橋 経由）,文珠通,鏡川橋,14:15:00,14:49:00,土日祝_14時15分_系統6110
24仕業,後免町,後免町,ごめん（はりまや橋・文珠通・領石通 経由）,鏡川橋,後免町,15:09:00,16:04:30,土日祝_15時09分_系統11011
24仕業,後免町,後免町,鏡川橋（はりまや橋 経由）,後免町,鏡川橋,16:15:00,17:11:30,土日祝_16時15分_系統1110
24仕業,後免町,後免町,ごめん（はりまや橋・文珠通・領石通 経由）,鏡川橋,後免町,17:16:30,18:12:00,土日祝_17時16分_系統11011
24仕業,後免町,後免町,鏡川橋（はりまや橋 経由）,後免町,鏡川橋,18:20:00,19:16:30,土日祝_18時20分_系統1110
24仕業,後免町,後免町,文珠通（はりまや橋 経由）,鏡川橋,文珠通,19:16:30,19:50:00,土日祝_19時16分_系統11060
24仕業,後免町,後免町,鏡川橋（はりまや橋 経由）,文珠通,鏡川橋,19:52:30,20:26:30,土日祝_19時52分_系統6110
24仕業,後免町,後免町,ごめん（はりまや橋・文珠通・領石通 経由）,鏡川橋,後免町,20:29:00,21:25:00,土日祝_20時29分_系統11011
,,,,,,,,
25仕業,後免町,桟橋車庫前,鏡川橋（はりまや橋 経由）,後免町,鏡川橋,08:30:00,09:26:30,土日祝_08時30分_系統1110
25仕業,後免町,桟橋車庫前,ごめん（はりまや橋・文珠通・領石通 経由）,鏡川橋,後免町,09:54:00,10:49:30,土日祝_09時54分_系統11011
25仕業,後免町,桟橋車庫前,鏡川橋（はりまや橋 経由）,後免町,鏡川橋,10:58:00,11:54:00,土日祝_10時58分_系統1110
25仕業,後免町,桟橋車庫前,ごめん（はりまや橋・文珠通・領石通 経由）,鏡川橋,後免町,11:59:00,12:54:30,土日祝_11時59分_系統11011
25仕業,後免町,桟橋車庫前,鏡川橋（はりまや橋 経由）,後免町,鏡川橋,13:05:00,14:01:30,土日祝_13時05分_系統1110
25仕業,後免町,桟橋車庫前,ごめん（はりまや橋・文珠通・領石通 経由）,鏡川橋,後免町,14:06:30,15:02:00,土日祝_14時06分_系統11011
25仕業,後免町,桟橋車庫前,鏡川橋（はりまや橋 経由）,後免町,鏡川橋,15:09:30,16:06:30,土日祝_15時09分_系統1110
25仕業,後免町,桟橋車庫前,ごめん（はりまや橋・文珠通・領石通 経由）,鏡川橋,後免町,16:11:30,17:07:00,土日祝_16時11分_系統11011
25仕業,後免町,桟橋車庫前,鏡川橋（はりまや橋 経由）,後免町,鏡川橋,17:15:00,18:11:30,土日祝_17時15分_系統1110
25仕業,後免町,桟橋車庫前,ごめん（はりまや橋・文珠通・領石通 経由）,鏡川橋,後免町,18:11:30,19:07:00,土日祝_18時11分_系統11011
25仕業,後免町,桟橋車庫前,鏡川橋（はりまや橋 経由）,後免町,鏡川橋,20:32:00,21:26:00,土日祝_20時32分_系統1110
25仕業,後免町,桟橋車庫前,桟橋車庫（はりまや橋 経由）,鏡川橋,桟橋車庫前,21:32:00,22:01:30,土日祝_21時32分_系統11170
,,,,,,,,
26仕業,桟橋通四丁目,鏡川橋,鏡川橋（はりまや橋 経由）,桟橋通四丁目,鏡川橋,08:33:00,09:02:30,土日祝_08時33分_系統17110
26仕業,桟橋通四丁目,鏡川橋,ごめん（はりまや橋・文珠通・領石通 経由）,鏡川橋,後免町,09:11:30,10:07:00,土日祝_09時11分_系統11011
26仕業,桟橋通四丁目,鏡川橋,鏡川橋（はりまや橋 経由）,後免町,鏡川橋,10:15:00,11:11:30,土日祝_10時15分_系統1110
26仕業,桟橋通四丁目,鏡川橋,文珠通（はりまや橋 経由）,鏡川橋,文珠通,11:51:30,12:25:00,土日祝_11時51分_系統11060
26仕業,桟橋通四丁目,鏡川橋,いの（はりまや橋・鏡川橋・朝倉 経由）,文珠通,伊野,13:00:00,14:02:00,土日祝_13時00分_系統6150
26仕業,桟橋通四丁目,鏡川橋,文珠通（はりまや橋 経由）,伊野,文珠通,14:07:00,15:07:30,土日祝_14時07分_系統15060
26仕業,桟橋通四丁目,鏡川橋,朝倉（はりまや橋・鏡川橋 経由）,文珠通,朝倉,15:25:00,16:06:00,土日祝_15時25分_系統6130
26仕業,桟橋通四丁目,鏡川橋,文珠通（はりまや橋 経由）,朝倉,文珠通,16:12:30,16:52:30,土日祝_16時12分_系統13060
26仕業,桟橋通四丁目,鏡川橋,朝倉（はりまや橋・鏡川橋 経由）,文珠通,朝倉,16:52:30,17:36:00,土日祝_16時52分_系統6130
26仕業,桟橋通四丁目,鏡川橋,文珠通（はりまや橋 経由）,朝倉,文珠通,17:42:30,18:22:30,土日祝_17時42分_系統13060
26仕業,桟橋通四丁目,鏡川橋,朝倉（はりまや橋・鏡川橋 経由）,文珠通,朝倉,18:22:30,19:06:00,土日祝_18時22分_系統6130
26仕業,桟橋通四丁目,鏡川橋,文珠通（はりまや橋 経由）,朝倉,文珠通,19:15:00,19:55:00,土日祝_19時15分_系統13060
26仕業,桟橋通四丁目,鏡川橋,鏡川橋（はりまや橋 経由）,文珠通,鏡川橋,20:00:00,20:34:00,土日祝_20時00分_系統6110
26仕業,桟橋通四丁目,鏡川橋,文珠通（はりまや橋 経由）,鏡川橋,文珠通,20:36:30,21:10:00,土日祝_20時36分_系統11060
26仕業,桟橋通四丁目,鏡川橋,朝倉（はりまや橋・鏡川橋 経由）,文珠通,朝倉,21:16:30,21:55:00,土日祝_21時16分_系統6130
26仕業,桟橋通四丁目,鏡川橋,鏡川橋,朝倉,鏡川橋,22:00:00,22:05:00,土日祝_22時00分_系統13110
,,,,,,,,
27仕業,後免町,桟橋車庫前,鏡川橋（はりまや橋 経由）,後免町,鏡川橋,08:45:00,09:41:00,土日祝_08時45分_系統1110
27仕業,後免町,桟橋車庫前,文珠通（はりまや橋 経由）,鏡川橋,文珠通,10:09:00,10:42:30,土日祝_10時09分_系統11060
27仕業,後免町,桟橋車庫前,いの（はりまや橋・鏡川橋・朝倉 経由）,文珠通,伊野,10:52:30,11:56:00,土日祝_10時52分_系統6150
27仕業,後免町,桟橋車庫前,文珠通（はりまや橋 経由）,伊野,文珠通,12:01:00,13:00:00,土日祝_12時01分_系統15060
27仕業,後免町,桟橋車庫前,鏡川橋（はりまや橋 経由）,文珠通,鏡川橋,13:12:30,13:46:30,土日祝_13時12分_系統6110
27仕業,後免町,桟橋車庫前,文珠通（はりまや橋 経由）,鏡川橋,文珠通,13:59:00,14:32:30,土日祝_13時59分_系統11060
27仕業,後免町,桟橋車庫前,朝倉（はりまや橋・鏡川橋 経由）,文珠通,朝倉,14:42:30,15:23:30,土日祝_14時42分_系統6130
27仕業,後免町,桟橋車庫前,文珠通（はりまや橋 経由）,朝倉,文珠通,15:30:00,16:10:00,土日祝_15時30分_系統13060
27仕業,後免町,桟橋車庫前,鏡川橋（はりまや橋 経由）,文珠通,鏡川橋,16:10:00,16:44:00,土日祝_16時10分_系統6110
27仕業,後免町,桟橋車庫前,桟橋通五丁目（はりまや橋 経由）,鏡川橋,桟橋通五丁目,16:56:30,17:31:00,土日祝_16時56分_系統11180
27仕業,後免町,桟橋車庫前,高知駅（はりまや橋 経由）,桟橋通五丁目,高知駅前,17:34:30,17:53:30,土日祝_17時34分_系統18160
27仕業,後免町,桟橋車庫前,桟橋通五丁目（はりまや橋 経由）,高知駅前,桟橋通五丁目,17:58:30,18:16:00,土日祝_17時58分_系統16180
27仕業,後免町,桟橋車庫前,高知駅（はりまや橋 経由）,桟橋通五丁目,高知駅前,18:19:00,18:38:30,土日祝_18時19分_系統18160
27仕業,後免町,桟橋車庫前,桟橋通五丁目（はりまや橋 経由）,高知駅前,桟橋通五丁目,18:43:30,19:01:00,土日祝_18時43分_系統16180
27仕業,後免町,桟橋車庫前,高知駅（はりまや橋 経由）,桟橋通五丁目,高知駅前,19:04:00,19:23:30,土日祝_19時04分_系統18160
27仕業,後免町,桟橋車庫前,桟橋車庫（はりまや橋 経由）,高知駅前,桟橋車庫前,19:31:30,19:47:30,土日祝_19時31分_系統16170
,,,,,,,,
28仕業,桟橋通五丁目,桟橋車庫前,高知駅（はりまや橋 経由）,桟橋通五丁目,高知駅前,08:56:30,09:16:00,土日祝_08時56分_系統18160
28仕業,桟橋通五丁目,桟橋車庫前,桟橋通五丁目（はりまや橋 経由）,高知駅前,桟橋通五丁目,09:21:30,09:39:00,土日祝_09時21分_系統16180
28仕業,桟橋通五丁目,桟橋車庫前,高知駅（はりまや橋 経由）,桟橋通五丁目,高知駅前,09:41:30,10:01:00,土日祝_09時41分_系統18160
28仕業,桟橋通五丁目,桟橋車庫前,桟橋通五丁目（はりまや橋 経由）,高知駅前,桟橋通五丁目,10:06:30,10:24:00,土日祝_10時06分_系統16180
28仕業,桟橋通五丁目,桟橋車庫前,高知駅（はりまや橋 経由）,桟橋通五丁目,高知駅前,10:26:30,10:46:00,土日祝_10時26分_系統18160
28仕業,桟橋通五丁目,桟橋車庫前,桟橋通五丁目（はりまや橋 経由）,高知駅前,桟橋通五丁目,10:51:30,11:09:00,土日祝_10時51分_系統16180
28仕業,桟橋通五丁目,桟橋車庫前,高知駅（はりまや橋 経由）,桟橋通五丁目,高知駅前,11:11:30,11:31:00,土日祝_11時11分_系統18160
28仕業,桟橋通五丁目,桟橋車庫前,桟橋通五丁目（はりまや橋 経由）,高知駅前,桟橋通五丁目,11:36:30,11:54:00,土日祝_11時36分_系統16180
28仕業,桟橋通五丁目,桟橋車庫前,高知駅（はりまや橋 経由）,桟橋通五丁目,高知駅前,11:56:30,12:16:00,土日祝_11時56分_系統18160
28仕業,桟橋通五丁目,桟橋車庫前,桟橋通五丁目（はりまや橋 経由）,高知駅前,桟橋通五丁目,12:21:30,12:39:00,土日祝_12時21分_系統16180
28仕業,桟橋通五丁目,桟橋車庫前,高知駅（はりまや橋 経由）,桟橋通五丁目,高知駅前,12:41:30,13:01:00,土日祝_12時41分_系統18160
28仕業,桟橋通五丁目,桟橋車庫前,桟橋通五丁目（はりまや橋 経由）,高知駅前,桟橋通五丁目,13:06:30,13:24:00,土日祝_13時06分_系統16180
28仕業,桟橋通五丁目,桟橋車庫前,高知駅（はりまや橋 経由）,桟橋通五丁目,高知駅前,13:26:30,13:46:00,土日祝_13時26分_系統18160
28仕業,桟橋通五丁目,桟橋車庫前,桟橋通五丁目（はりまや橋 経由）,高知駅前,桟橋通五丁目,13:51:30,14:09:00,土日祝_13時51分_系統16180
28仕業,桟橋通五丁目,桟橋車庫前,高知駅（はりまや橋 経由）,桟橋通五丁目,高知駅前,14:11:30,14:31:00,土日祝_14時11分_系統18160
28仕業,桟橋通五丁目,桟橋車庫前,桟橋通五丁目（はりまや橋 経由）,高知駅前,桟橋通五丁目,14:36:30,14:54:00,土日祝_14時36分_系統16180
28仕業,桟橋通五丁目,桟橋車庫前,高知駅（はりまや橋 経由）,桟橋通五丁目,高知駅前,14:56:30,15:16:00,土日祝_14時56分_系統18160
28仕業,桟橋通五丁目,桟橋車庫前,桟橋通五丁目（はりまや橋 経由）,高知駅前,桟橋通五丁目,15:21:30,15:39:00,土日祝_15時21分_系統16180
28仕業,桟橋通五丁目,桟橋車庫前,高知駅（はりまや橋 経由）,桟橋通五丁目,高知駅前,15:41:30,16:01:00,土日祝_15時41分_系統18160
28仕業,桟橋通五丁目,桟橋車庫前,桟橋通五丁目（はりまや橋 経由）,高知駅前,桟橋通五丁目,16:06:00,16:23:30,土日祝_16時06分_系統16180
28仕業,桟橋通五丁目,桟橋車庫前,高知駅（はりまや橋 経由）,桟橋通五丁目,高知駅前,16:26:30,16:46:00,土日祝_16時26分_系統18160
28仕業,桟橋通五丁目,桟橋車庫前,桟橋通五丁目（はりまや橋 経由）,高知駅前,桟橋通五丁目,16:51:30,17:09:00,土日祝_16時51分_系統16180
28仕業,桟橋通五丁目,桟橋車庫前,高知駅（はりまや橋 経由）,桟橋通五丁目,高知駅前,17:11:30,17:31:30,土日祝_17時11分_系統18160
28仕業,桟橋通五丁目,桟橋車庫前,桟橋通五丁目（はりまや橋 経由）,高知駅前,桟橋通五丁目,17:36:30,17:54:00,土日祝_17時36分_系統16180
28仕業,桟橋通五丁目,桟橋車庫前,高知駅（はりまや橋 経由）,桟橋通五丁目,高知駅前,17:56:30,18:16:00,土日祝_17時56分_系統18160
28仕業,桟橋通五丁目,桟橋車庫前,桟橋通五丁目（はりまや橋 経由）,高知駅前,桟橋通五丁目,18:21:30,18:39:00,土日祝_18時21分_系統16180
28仕業,桟橋通五丁目,桟橋車庫前,高知駅（はりまや橋 経由）,桟橋通五丁目,高知駅前,18:46:30,19:06:00,土日祝_18時46分_系統18160
28仕業,桟橋通五丁目,桟橋車庫前,桟橋車庫（はりまや橋 経由）,高知駅前,桟橋車庫前,19:13:30,19:29:30,土日祝_19時13分_系統16170
,,,,,,,,
29仕業,後免町,桟橋車庫前,桟橋車庫（はりまや橋 経由）,後免町,桟橋車庫前,09:17:30,10:04:00,土日祝_09時17分_系統1170
,,,,,,,,
30仕業,桟橋通五丁目,桟橋車庫前,高知駅（はりまや橋 経由）,桟橋通五丁目,高知駅前,09:26:30,09:46:00,土日祝_09時26分_系統18160
30仕業,桟橋通五丁目,桟橋車庫前,桟橋通五丁目（はりまや橋 経由）,高知駅前,桟橋通五丁目,09:51:30,10:09:00,土日祝_09時51分_系統16180
30仕業,桟橋通五丁目,桟橋車庫前,高知駅（はりまや橋 経由）,桟橋通五丁目,高知駅前,10:11:30,10:31:00,土日祝_10時11分_系統18160
30仕業,桟橋通五丁目,桟橋車庫前,桟橋通五丁目（はりまや橋 経由）,高知駅前,桟橋通五丁目,10:36:30,10:54:00,土日祝_10時36分_系統16180
30仕業,桟橋通五丁目,桟橋車庫前,高知駅（はりまや橋 経由）,桟橋通五丁目,高知駅前,10:56:30,11:16:00,土日祝_10時56分_系統18160
30仕業,桟橋通五丁目,桟橋車庫前,桟橋通五丁目（はりまや橋 経由）,高知駅前,桟橋通五丁目,11:21:30,11:39:00,土日祝_11時21分_系統16180
30仕業,桟橋通五丁目,桟橋車庫前,高知駅（はりまや橋 経由）,桟橋通五丁目,高知駅前,11:41:30,12:01:00,土日祝_11時41分_系統18160
30仕業,桟橋通五丁目,桟橋車庫前,桟橋通五丁目（はりまや橋 経由）,高知駅前,桟橋通五丁目,12:06:30,12:24:00,土日祝_12時06分_系統16180
30仕業,桟橋通五丁目,桟橋車庫前,高知駅（はりまや橋 経由）,桟橋通五丁目,高知駅前,12:26:30,12:46:00,土日祝_12時26分_系統18160
30仕業,桟橋通五丁目,桟橋車庫前,桟橋通五丁目（はりまや橋 経由）,高知駅前,桟橋通五丁目,12:51:30,13:09:00,土日祝_12時51分_系統16180
30仕業,桟橋通五丁目,桟橋車庫前,高知駅（はりまや橋 経由）,桟橋通五丁目,高知駅前,13:11:30,13:31:00,土日祝_13時11分_系統18160
30仕業,桟橋通五丁目,桟橋車庫前,桟橋通五丁目（はりまや橋 経由）,高知駅前,桟橋通五丁目,13:36:30,13:54:00,土日祝_13時36分_系統16180
30仕業,桟橋通五丁目,桟橋車庫前,高知駅（はりまや橋 経由）,桟橋通五丁目,高知駅前,13:56:30,14:16:00,土日祝_13時56分_系統18160
30仕業,桟橋通五丁目,桟橋車庫前,桟橋通五丁目（はりまや橋 経由）,高知駅前,桟橋通五丁目,14:21:30,14:39:00,土日祝_14時21分_系統16180
30仕業,桟橋通五丁目,桟橋車庫前,高知駅（はりまや橋 経由）,桟橋通五丁目,高知駅前,14:41:30,15:01:00,土日祝_14時41分_系統18160
30仕業,桟橋通五丁目,桟橋車庫前,桟橋通五丁目（はりまや橋 経由）,高知駅前,桟橋通五丁目,15:06:30,15:24:00,土日祝_15時06分_系統16180
30仕業,桟橋通五丁目,桟橋車庫前,高知駅（はりまや橋 経由）,桟橋通五丁目,高知駅前,15:26:30,15:46:00,土日祝_15時26分_系統18160
30仕業,桟橋通五丁目,桟橋車庫前,桟橋通五丁目（はりまや橋 経由）,高知駅前,桟橋通五丁目,15:51:30,16:09:00,土日祝_15時51分_系統16180
30仕業,桟橋通五丁目,桟橋車庫前,高知駅（はりまや橋 経由）,桟橋通五丁目,高知駅前,16:11:30,16:31:00,土日祝_16時11分_系統18160
30仕業,桟橋通五丁目,桟橋車庫前,桟橋通五丁目（はりまや橋 経由）,高知駅前,桟橋通五丁目,16:36:30,16:54:00,土日祝_16時36分_系統16180
30仕業,桟橋通五丁目,桟橋車庫前,高知駅（はりまや橋 経由）,桟橋通五丁目,高知駅前,16:56:30,17:16:00,土日祝_16時56分_系統18160
30仕業,桟橋通五丁目,桟橋車庫前,桟橋通五丁目（はりまや橋 経由）,高知駅前,桟橋通五丁目,17:21:30,17:39:00,土日祝_17時21分_系統16180
30仕業,桟橋通五丁目,桟橋車庫前,高知駅（はりまや橋 経由）,桟橋通五丁目,高知駅前,17:41:30,18:01:00,土日祝_17時41分_系統18160
30仕業,桟橋通五丁目,桟橋車庫前,桟橋通五丁目（はりまや橋 経由）,高知駅前,桟橋通五丁目,18:06:30,18:24:00,土日祝_18時06分_系統16180
30仕業,桟橋通五丁目,桟橋車庫前,高知駅（はりまや橋 経由）,桟橋通五丁目,高知駅前,18:26:30,18:46:00,土日祝_18時26分_系統18160
30仕業,桟橋通五丁目,桟橋車庫前,桟橋通五丁目（はりまや橋 経由）,高知駅前,桟橋通五丁目,18:53:30,19:11:00,土日祝_18時53分_系統16180
30仕業,桟橋通五丁目,桟橋車庫前,高知駅（はりまや橋 経由）,桟橋通五丁目,高知駅前,19:16:30,19:36:00,土日祝_19時16分_系統18160
30仕業,桟橋通五丁目,桟橋車庫前,桟橋通五丁目（はりまや橋 経由）,高知駅前,桟橋通五丁目,19:41:30,19:59:00,土日祝_19時41分_系統16180
30仕業,桟橋通五丁目,桟橋車庫前,高知駅（はりまや橋 経由）,桟橋通五丁目,高知駅前,20:01:30,20:21:00,土日祝_20時01分_系統18160
30仕業,桟橋通五丁目,桟橋車庫前,桟橋通五丁目（はりまや橋 経由）,高知駅前,桟橋通五丁目,20:26:00,20:43:30,土日祝_20時26分_系統16180
30仕業,桟橋通五丁目,桟橋車庫前,高知駅（はりまや橋 経由）,桟橋通五丁目,高知駅前,20:46:30,21:05:30,土日祝_20時46分_系統18160
30仕業,桟橋通五丁目,桟橋車庫前,桟橋車庫（はりまや橋 経由）,高知駅前,桟橋車庫前,21:12:30,21:26:00,土日祝_21時12分_系統16170
,,,,,,,,
31仕業,桟橋通四丁目,鏡川橋,文珠通（はりまや橋 経由）,桟橋通四丁目,文珠通,13:48:00,14:17:30,土日祝_13時48分_系統17060
31仕業,桟橋通四丁目,鏡川橋,いの（はりまや橋・鏡川橋・朝倉 経由）,文珠通,伊野,14:22:30,15:26:00,土日祝_14時22分_系統6150
31仕業,桟橋通四丁目,鏡川橋,文珠通（はりまや橋 経由）,伊野,文珠通,15:31:00,16:30:00,土日祝_15時31分_系統15060
31仕業,桟橋通四丁目,鏡川橋,いの（はりまや橋・鏡川橋・朝倉 経由）,文珠通,伊野,16:30:00,17:34:00,土日祝_16時30分_系統6150
31仕業,桟橋通四丁目,鏡川橋,文珠通（はりまや橋 経由）,伊野,文珠通,17:39:00,18:40:00,土日祝_17時39分_系統15060
31仕業,桟橋通四丁目,鏡川橋,いの（はりまや橋・鏡川橋・朝倉 経由）,文珠通,伊野,18:47:30,19:49:00,土日祝_18時47分_系統6150
31仕業,桟橋通四丁目,鏡川橋,文珠通（はりまや橋 経由）,伊野,文珠通,19:54:00,20:55:00,土日祝_19時54分_系統15060
31仕業,桟橋通四丁目,鏡川橋,いの（はりまや橋・鏡川橋・朝倉 経由）,文珠通,伊野,21:01:30,21:58:00,土日祝_21時01分_系統6150
31仕業,桟橋通四丁目,鏡川橋,鏡川橋,伊野,鏡川橋,22:03:00,22:23:30,土日祝_22時03分_系統15110
,,,,,,,,
32仕業,桟橋通四丁目,後免町,文珠通（はりまや橋 経由）,桟橋通四丁目,文珠通,15:03:00,15:32:30,土日祝_15時03分_系統17060
32仕業,桟橋通四丁目,後免町,いの（はりまや橋・鏡川橋・朝倉 経由）,文珠通,伊野,15:47:30,16:50:00,土日祝_15時47分_系統6150
32仕業,桟橋通四丁目,後免町,文珠通（はりまや橋 経由）,伊野,文珠通,16:55:00,17:55:00,土日祝_16時55分_系統15060
32仕業,桟橋通四丁目,後免町,いの（はりまや橋・鏡川橋・朝倉 経由）,文珠通,伊野,18:00:00,19:04:00,土日祝_18時00分_系統6150
32仕業,桟橋通四丁目,後免町,文珠通（はりまや橋 経由）,伊野,文珠通,19:09:00,20:10:00,土日祝_19時09分_系統15060
32仕業,桟橋通四丁目,後免町,鏡川橋（はりまや橋 経由）,文珠通,鏡川橋,20:22:30,20:56:30,土日祝_20時22分_系統6110
32仕業,桟橋通四丁目,後免町,ごめん（はりまや橋・文珠通・領石通 経由）,鏡川橋,後免町,21:08:00,22:03:00,土日祝_21時08分_系統11011
,,,,,,,,
33仕業,桟橋通四丁目,後免町,文珠通（はりまや橋 経由）,桟橋通四丁目,文珠通,15:20:30,15:50:00,土日祝_15時20分_系統17060
33仕業,桟橋通四丁目,後免町,朝倉（はりまや橋・鏡川橋 経由）,文珠通,朝倉,16:05:00,16:48:30,土日祝_16時05分_系統6130
33仕業,桟橋通四丁目,後免町,文珠通（はりまや橋 経由）,朝倉,文珠通,16:55:00,17:35:00,土日祝_16時55分_系統13060
33仕業,桟橋通四丁目,後免町,鏡川橋（はりまや橋 経由）,文珠通,鏡川橋,17:42:30,18:16:30,土日祝_17時42分_系統6110
33仕業,桟橋通四丁目,後免町,ごめん（はりまや橋・文珠通・領石通 経由）,鏡川橋,後免町,18:19:00,19:14:30,土日祝_18時19分_系統11011
,,,,,,,,
34仕業,桟橋通四丁目,桟橋車庫前,文珠通（はりまや橋 経由）,桟橋通四丁目,文珠通,15:35:30,16:05:00,土日祝_15時35分_系統17060
34仕業,桟橋通四丁目,桟橋車庫前,桟橋車庫（はりまや橋 経由）,文珠通,桟橋車庫前,16:15:00,16:39:00,土日祝_16時15分_系統6170
,,,,,,,,
35仕業,桟橋通四丁目,後免町,文珠通（はりまや橋 経由）,桟橋通四丁目,文珠通,15:52:30,16:22:30,土日祝_15時52分_系統17060
35仕業,桟橋通四丁目,後免町,鏡川橋（はりまや橋 経由）,文珠通,鏡川橋,17:02:30,17:36:30,土日祝_17時02分_系統6110
35仕業,桟橋通四丁目,後免町,ごめん（はりまや橋・文珠通・領石通 経由）,鏡川橋,後免町,17:41:30,18:37:00,土日祝_17時41分_系統11011
,,,,,,,,
36仕業,桟橋通四丁目,桟橋車庫前,文珠通（はりまや橋 経由）,桟橋通四丁目,文珠通,16:32:30,17:02:30,土日祝_16時32分_系統17060
36仕業,桟橋通四丁目,桟橋車庫前,鏡川橋（はりまや橋 経由）,文珠通,鏡川橋,17:10:00,17:44:00,土日祝_17時10分_系統6110
36仕業,桟橋通四丁目,桟橋車庫前,文珠通（はりまや橋 経由）,鏡川橋,文珠通,18:24:00,18:57:30,土日祝_18時24分_系統11060
36仕業,桟橋通四丁目,桟橋車庫前,朝倉（はりまや橋・鏡川橋 経由）,文珠通,朝倉,19:07:30,19:51:00,土日祝_19時07分_系統6130
36仕業,桟橋通四丁目,桟橋車庫前,文珠通（はりまや橋 経由）,朝倉,文珠通,19:57:30,20:37:30,土日祝_19時57分_系統13060
36仕業,桟橋通四丁目,桟橋車庫前,鏡川橋（はりまや橋 経由）,文珠通,鏡川橋,20:45:00,21:18:00,土日祝_20時45分_系統6110
36仕業,桟橋通四丁目,桟橋車庫前,桟橋車庫（はりまや橋 経由）,鏡川橋,桟橋車庫前,21:25:00,21:54:30,土日祝_21時25分_系統11170
,,,,,,,,
37仕業,桟橋通四丁目,後免町,文珠通（はりまや橋 経由）,桟橋通四丁目,文珠通,16:40:30,17:10:00,土日祝_16時40分_系統17060
37仕業,桟橋通四丁目,後免町,いの（はりまや橋・鏡川橋・朝倉 経由）,文珠通,伊野,17:15:00,18:19:00,土日祝_17時15分_系統6150
37仕業,桟橋通四丁目,後免町,文珠通（はりまや橋 経由）,伊野,文珠通,18:24:00,19:25:00,土日祝_18時24分_系統15060
37仕業,桟橋通四丁目,後免町,鏡川橋（はりまや橋 経由）,文珠通,鏡川橋,19:37:30,20:11:30,土日祝_19時37分_系統6110
37仕業,桟橋通四丁目,後免町,ごめん（はりまや橋・文珠通・領石通 経由）,鏡川橋,後免町,20:14:00,21:10:00,土日祝_20時14分_系統11011
,,,,,,,,
38仕業,桟橋通四丁目,後免町,ごめん（はりまや橋・文珠通・領石通 経由）,桟橋通四丁目,後免町,16:43:00,17:34:30,土日祝_16時43分_系統17010
,,,,,,,,
39仕業,桟橋通四丁目,鏡川橋,文珠通（はりまや橋 経由）,桟橋通四丁目,文珠通,16:52:30,17:22:30,土日祝_16時52分_系統17060
39仕業,桟橋通四丁目,鏡川橋,朝倉（はりまや橋・鏡川橋 経由）,文珠通,朝倉,17:32:30,18:16:00,土日祝_17時32分_系統6130
39仕業,桟橋通四丁目,鏡川橋,文珠通（はりまや橋 経由）,朝倉,文珠通,18:22:30,19:02:30,土日祝_18時22分_系統13060
39仕業,桟橋通四丁目,鏡川橋,鏡川橋（はりまや橋 経由）,文珠通,鏡川橋,19:15:00,19:49:00,土日祝_19時15分_系統6110
39仕業,桟橋通四丁目,鏡川橋,文珠通（はりまや橋 経由）,鏡川橋,文珠通,19:51:30,20:25:00,土日祝_19時51分_系統11060
39仕業,桟橋通四丁目,鏡川橋,朝倉（はりまや橋・鏡川橋 経由）,文珠通,朝倉,20:30:00,21:13:30,土日祝_20時30分_系統6130
39仕業,桟橋通四丁目,鏡川橋,鏡川橋,朝倉,鏡川橋,21:20:00,21:26:00,土日祝_21時20分_系統13110
,,,,,,,,
40仕業,桟橋通四丁目,後免町,ごめん（はりまや橋・文珠通・領石通 経由）,桟橋通四丁目,後免町,17:03:00,17:55:00,土日祝_17時03分_系統17010
,,,,,,,,
41仕業,桟橋通四丁目,後免町,文珠通（はりまや橋 経由）,桟橋通四丁目,文珠通,17:15:30,17:45:00,土日祝_17時15分_系統17060
41仕業,桟橋通四丁目,後免町,鏡川橋（はりまや橋 経由）,文珠通,鏡川橋,17:50:00,18:24:00,土日祝_17時50分_系統6110
41仕業,桟橋通四丁目,後免町,ごめん（はりまや橋・文珠通・領石通 経由）,鏡川橋,後免町,18:41:30,19:37:00,土日祝_18時41分_系統11011
,,,,,,,,
42仕業,桟橋通四丁目,後免町,文珠通（はりまや橋 経由）,桟橋通四丁目,文珠通,17:22:30,17:52:30,土日祝_17時22分_系統17060
42仕業,桟橋通四丁目,後免町,鏡川橋（はりまや橋 経由）,文珠通,鏡川橋,18:05:00,18:39:00,土日祝_18時05分_系統6110
42仕業,桟橋通四丁目,後免町,ごめん（はりまや橋・文珠通・領石通 経由）,鏡川橋,後免町,19:11:30,20:07:00,土日祝_19時11分_系統11011
,,,,,,,,
43仕業,桟橋通四丁目,後免町,文珠通（はりまや橋 経由）,桟橋通四丁目,文珠通,17:48:00,18:17:30,土日祝_17時48分_系統17060
43仕業,桟橋通四丁目,後免町,鏡川橋（はりまや橋 経由）,文珠通,鏡川橋,18:35:00,19:09:00,土日祝_18時35分_系統6110
43仕業,桟橋通四丁目,後免町,ごめん（はりまや橋・文珠通・領石通 経由）,鏡川橋,後免町,19:29:00,20:24:30,土日祝_19時29分_系統11011
,,,,,,,,
44仕業,桟橋通四丁目,桟橋車庫前,文珠通（はりまや橋 経由）,桟橋通四丁目,文珠通,18:18:00,18:47:30,土日祝_18時18分_系統17060
44仕業,桟橋通四丁目,桟橋車庫前,鏡川橋（はりまや橋 経由）,文珠通,鏡川橋,18:55:00,19:29:00,土日祝_18時55分_系統6110
44仕業,桟橋通四丁目,桟橋車庫前,桟橋車庫（はりまや橋 経由）,鏡川橋,桟橋車庫前,20:41:30,21:12:00,土日祝_20時41分_系統11170
,,,,,,,,
45仕業,桟橋通四丁目,桟橋車庫前,文珠通（はりまや橋 経由）,桟橋通四丁目,文珠通,19:10:30,19:40:00,土日祝_19時10分_系統17060
45仕業,桟橋通四丁目,桟橋車庫前,いの（はりまや橋・鏡川橋・朝倉 経由）,文珠通,伊野,20:07:30,21:14:00,土日祝_20時07分_系統6150
45仕業,桟橋通四丁目,桟橋車庫前,桟橋車庫（はりまや橋 経由）,伊野,桟橋車庫前,21:20:00,22:14:30,土日祝_21時20分_系統15170
,,,,,,,,
